100011.png,10,12,16,8,5
100196.png,11,19,18,6,2
100334.png,14,9,11,19,10
100433.png,16,2,9,5,1
100500.png,13,16,0,15,14
100535.png,3,6,5,16,8
100587.png,7,10,12,2,18
100712.png,13,5,16,18,2
100792.png,9,0,2,7,19
100837.png,13,19,18,3,1
100869.png,15,17,1,0,4
100908.png,3,4,14,18,15
100985.png,8,11,19,2,10
101004.png,10,18,14,8,0
101041.png,8,9,1,3,12
101182.png,0,15,11,13,17
101269.png,6,10,1,4,19
101295.png,11,10,15,19,12
101297.png,6,16,17,13,2
101314.png,5,0,9,14,10
101456.png,13,16,8,2,10
101514.png,3,7,1,2,10
101535.png,15,0,8,9,13
101561.png,5,14,15,13,8
101591.png,4,14,0,16,18
101649.png,4,8,19,9,2
101667.png,3,17,2,18,19
101681.png,3,1,18,17,8
101683.png,18,19,16,14,17
101778.png,10,5,18,15,2
101806.png,3,2,17,6,9
101919.png,14,10,4,13,2
101926.png,4,17,16,0,5
102080.png,19,7,9,10,15
102222.png,5,8,15,0,14
102307.png,12,17,18,15,7
102314.png,4,18,3,10,17
102355.png,11,19,12,8,15
102429.png,4,15,13,8,19
102455.png,16,6,13,4,12
102494.png,6,19,0,18,1
102530.png,10,18,7,12,4
102630.png,19,0,7,1,17
102658.png,11,19,14,1,6
102679.png,3,18,17,6,10
102732.png,2,19,13,18,1
102745.png,11,8,12,17,7
102750.png,7,8,5,2,14
102768.png,17,4,11,5,6
102790.png,6,8,19,5,7
103025.png,0,13,17,4,10
103033.png,8,11,0,1,17
103048.png,18,9,14,2,12
103206.png,17,19,0,14,4
103241.png,0,19,5,11,8
103306.png,11,12,18,14,10
103380.png,6,19,17,1,13
103487.png,6,4,10,5,19
103493.png,17,13,16,8,5
103546.png,4,15,14,11,8
103590.png,0,9,8,17,15
103622.png,0,19,10,2,5
103938.png,18,8,1,14,0
104061.png,12,15,17,2,9
104163.png,12,10,18,2,11
104190.png,10,15,18,16,14
104253.png,18,7,8,2,6
104290.png,2,8,13,14,9
104345.png,1,13,19,11,2
104401.png,10,5,0,16,1
104511.png,6,8,19,1,5
104640.png,12,13,17,7,10
104673.png,2,8,15,17,6
104748.png,9,17,1,12,2
104775.png,0,15,3,4,8
104898.png,16,19,5,11,7
104974.png,9,17,19,1,16
105017.png,11,15,10,14,2
105114.png,1,17,19,14,2
105156.png,16,11,10,13,9
105161.png,17,2,0,19,6
105201.png,16,19,8,6,14
105218.png,6,8,1,19,17
105260.png,18,6,14,8,12
105302.png,6,2,19,12,1
105310.png,13,8,17,2,18
105334.png,14,15,5,2,8
105461.png,3,10,15,18,13
105611.png,5,16,14,17,6
105678.png,16,0,14,1,2
105683.png,13,11,0,6,8
105749.png,14,17,8,11,13
105920.png,12,9,14,1,2
105924.png,0,14,5,9,19
105985.png,19,17,5,7,15
106078.png,18,5,4,10,11
106102.png,18,7,10,8,11
106103.png,10,8,5,13,4
106156.png,15,14,8,1,0
106181.png,2,13,19,16,18
106206.png,13,2,7,16,1
106251.png,8,4,14,11,5
106252.png,6,8,17,14,16
106260.png,6,18,16,3,17
106304.png,19,8,0,12,1
106314.png,19,12,9,5,18
106328.png,8,3,7,10,15
106394.png,16,9,1,14,2
106431.png,2,0,15,5,1
106442.png,6,1,19,8,13
106452.png,18,10,14,6,16
106715.png,17,1,2,12,18
106752.png,5,19,3,17,2
106777.png,17,19,0,11,12
106814.png,3,9,1,16,5
106865.png,13,14,4,16,15
106905.png,2,18,19,0,13
106933.png,15,19,10,7,13
106945.png,11,12,5,9,18
107056.png,10,12,18,7,16
107147.png,19,7,6,16,12
107188.png,10,8,1,18,16
107209.png,14,19,7,11,0
107388.png,12,0,8,4,7
107497.png,0,11,17,15,3
107662.png,12,14,17,0,7
107696.png,4,17,18,9,5
107709.png,8,5,11,17,2
107741.png,1,7,14,11,0
107809.png,14,15,8,0,19
108060.png,13,0,7,15,2
108123.png,15,0,11,19,9
108126.png,8,5,14,3,4
108137.png,19,10,5,17,18
108194.png,5,10,18,17,1
108204.png,5,7,8,15,9
108270.png,12,0,15,7,1
108372.png,10,0,5,14,15
108414.png,10,5,14,1,8
108418.png,9,18,19,4,12
108421.png,19,15,17,3,4
108494.png,8,0,10,4,9
108510.png,11,6,1,18,10
108717.png,6,18,17,13,11
108732.png,10,15,2,16,0
108738.png,19,15,17,8,7
108762.png,18,1,17,5,15
108798.png,15,10,6,1,8
108808.png,2,13,16,7,4
108821.png,17,14,18,19,6
108864.png,15,16,13,11,9
108868.png,13,2,17,14,8
108905.png,0,19,5,9,17
108955.png,0,10,19,17,15
108990.png,16,11,9,7,12
109031.png,0,10,18,5,17
109074.png,3,0,1,2,17
109090.png,15,3,11,13,9
109331.png,11,19,10,15,13
109472.png,1,8,0,12,19
109514.png,18,9,17,2,10
109518.png,11,15,10,12,18
109688.png,11,15,12,19,10
109697.png,14,15,2,8,11
109706.png,3,8,17,18,1
109717.png,18,4,15,8,10
109835.png,2,12,4,10,17
109885.png,1,5,16,2,11
109907.png,17,0,4,8,19
109968.png,14,19,11,10,7
110030.png,5,9,11,10,1
110088.png,6,8,7,3,4
110098.png,11,5,17,14,2
110119.png,15,17,0,11,3
110124.png,16,2,0,9,7
110223.png,2,5,19,13,11
110272.png,10,8,14,9,16
110383.png,5,15,14,17,10
110405.png,9,0,19,7,18
110430.png,16,5,10,13,4
110695.png,3,2,6,1,17
110712.png,2,9,18,15,0
110749.png,14,11,10,16,5
110766.png,5,15,17,14,2
110908.png,12,14,13,7,1
111205.png,3,4,6,17,13
111274.png,1,12,17,2,19
111349.png,10,11,18,16,13
111393.png,2,13,10,18,11
111429.png,19,0,9,7,15
111430.png,14,11,2,9,17
111461.png,10,0,14,8,11
111597.png,15,6,18,3,10
111664.png,9,0,7,10,2
111751.png,3,1,2,18,6
111836.png,4,7,17,8,6
111901.png,8,5,3,19,14
111955.png,13,0,15,14,16
111960.png,6,17,8,18,12
111985.png,10,18,7,14,17
112079.png,11,17,5,9,16
112225.png,8,12,9,5,3
112236.png,6,3,19,12,9
112347.png,16,11,5,4,2
112359.png,13,4,16,14,10
112368.png,16,13,2,14,0
112489.png,17,5,18,3,9
112527.png,12,0,7,11,1
112574.png,0,19,2,15,3
112605.png,7,8,10,6,5
112709.png,11,10,17,2,4
112763.png,2,10,4,18,9
112780.png,9,7,2,19,1
112845.png,6,19,12,13,7
112898.png,2,9,18,10,13
112927.png,9,4,19,0,11
112944.png,18,2,0,8,10
113061.png,19,13,16,5,1
113106.png,14,19,4,13,7
113108.png,12,1,14,9,4
113138.png,4,17,10,16,9
113167.png,5,17,19,18,14
113177.png,13,0,7,11,14
113301.png,3,5,6,18,10
113310.png,7,6,0,17,12
113403.png,17,3,7,11,1
113438.png,14,8,12,4,13
113440.png,4,10,19,7,2
113444.png,17,6,19,13,11
113446.png,0,15,19,8,17
113601.png,8,5,14,13,17
113688.png,2,5,9,17,18
113729.png,1,0,11,18,14
113739.png,8,11,19,5,9
113801.png,18,9,8,17,12
113880.png,15,7,3,8,10
114044.png,10,8,19,15,1
114113.png,19,11,16,18,2
114126.png,16,17,11,7,0
114168.png,4,12,7,10,14
114169.png,15,11,13,8,5
114201.png,16,13,6,0,3
114223.png,11,15,19,18,6
114249.png,3,8,1,17,5
114316.png,5,1,17,18,14
114330.png,12,17,2,18,14
114332.png,6,17,7,4,5
114340.png,2,19,18,8,16
114366.png,11,2,15,10,0
114526.png,14,15,19,0,4
114531.png,3,2,18,17,1
114675.png,14,13,10,11,17
114711.png,7,5,12,13,19
114731.png,12,4,15,6,3
114878.png,3,18,14,9,10
114906.png,9,19,18,8,7
114922.png,12,13,3,2,0
114980.png,5,13,8,2,16
115032.png,2,18,13,10,15
115083.png,9,19,3,13,10
115094.png,11,19,16,6,10
115107.png,15,6,14,11,18
115116.png,8,10,14,15,11
115154.png,0,19,15,17,3
115197.png,18,11,5,6,16
115283.png,17,2,16,19,3
115377.png,0,15,9,10,3
115425.png,0,19,13,8,2
115431.png,18,11,17,15,8
115510.png,8,17,1,5,9
115631.png,14,9,5,15,17
115649.png,0,4,3,8,15
115789.png,6,12,3,11,0
115807.png,9,16,11,2,0
115855.png,11,17,15,6,9
115889.png,5,9,16,14,3
116109.png,5,19,16,9,2
116155.png,15,5,3,13,8
116254.png,15,3,5,0,19
116290.png,8,19,18,6,3
116433.png,1,9,5,2,0
116445.png,14,0,1,10,19
116472.png,6,18,19,16,0
116496.png,3,1,8,10,6
116517.png,9,17,12,18,1
116585.png,13,17,11,6,0
116598.png,8,17,6,9,0
116614.png,11,15,12,6,18
116699.png,2,18,8,11,13
116759.png,9,1,14,17,18
116787.png,2,16,8,3,11
116895.png,12,14,3,1,11
116930.png,19,17,15,7,5
116957.png,10,14,8,2,1
117030.png,3,14,7,11,8
117069.png,17,1,16,9,6
117179.png,13,16,18,8,2
117194.png,5,9,3,15,0
117275.png,7,18,5,0,9
117288.png,4,13,17,9,16
117340.png,11,9,15,12,6
117362.png,2,1,18,4,9
117372.png,9,8,19,14,7
117392.png,9,0,7,18,2
117409.png,11,13,10,3,6
117510.png,19,18,16,7,13
117549.png,5,19,8,17,16
117568.png,7,6,18,8,12
117637.png,11,19,6,5,12
117662.png,9,5,8,4,10
117668.png,13,0,7,17,1
117854.png,19,3,0,15,1
117892.png,7,8,9,13,12
117942.png,16,17,5,0,11
117999.png,3,14,4,18,6
118006.png,12,1,0,14,5
118022.png,10,14,4,1,18
118034.png,5,17,2,19,1
118061.png,1,0,18,7,6
118233.png,8,4,0,14,9
118583.png,2,12,13,10,11
118638.png,10,14,8,16,0
118652.png,11,12,17,1,7
118665.png,6,17,2,13,18
118679.png,10,7,14,1,18
118773.png,4,18,15,19,16
118816.png,0,5,10,19,3
118849.png,18,19,16,1,13
118860.png,19,11,7,8,17
118878.png,0,13,5,16,2
118928.png,0,10,15,19,3
119009.png,1,12,7,17,19
119115.png,7,18,14,5,6
119330.png,9,19,4,7,2
119348.png,18,8,17,7,15
119383.png,10,1,8,14,9
119443.png,7,6,9,19,18
119573.png,13,2,18,17,0
119699.png,2,19,18,10,9
119736.png,14,19,13,7,11
119739.png,1,19,11,16,13
119786.png,13,7,15,17,0
119827.png,16,4,2,0,17
119845.png,1,8,7,16,0
119864.png,15,10,14,12,19
119937.png,16,11,8,17,5
119985.png,16,15,2,17,1
119986.png,3,2,17,6,9
120040.png,4,5,8,16,17
120042.png,7,13,19,15,17
120080.png,0,15,3,14,16
120090.png,10,16,18,8,2
120243.png,18,2,14,17,8
120333.png,19,17,3,15,8
120343.png,7,9,5,4,14
120345.png,17,19,14,13,0
120369.png,7,12,9,8,13
120488.png,0,3,10,8,17
120545.png,14,13,1,9,4
120575.png,5,16,19,15,1
120679.png,18,10,6,12,16
120741.png,16,13,0,17,12
120743.png,14,11,13,7,9
120776.png,2,17,11,15,14
120789.png,8,17,10,3,16
120813.png,14,3,17,11,4
120820.png,9,19,1,2,0
120826.png,8,5,10,14,4
120842.png,15,14,3,13,0
120853.png,1,17,19,18,8
120917.png,3,18,11,1,12
120970.png,8,19,16,7,11
121122.png,12,8,2,4,17
121159.png,7,6,5,9,0
121172.png,4,18,19,10,8
121196.png,18,9,1,16,17
121214.png,19,5,15,12,6
121220.png,18,17,1,5,2
121255.png,0,6,15,17,4
121264.png,9,16,19,0,6
121295.png,18,8,10,7,14
121328.png,0,9,15,19,14
121374.png,11,19,15,10,2
121462.png,13,10,19,16,17
121486.png,9,17,14,18,2
121528.png,7,19,0,9,6
121655.png,5,15,14,16,17
121658.png,13,15,0,14,7
121725.png,4,17,5,9,16
121779.png,16,6,2,14,17
121786.png,9,7,0,14,19
121838.png,5,7,14,9,15
121845.png,6,8,14,18,13
121863.png,9,15,14,4,17
121921.png,8,3,14,6,5
122049.png,0,5,15,18,8
122105.png,10,8,5,13,14
122136.png,16,11,6,18,15
122176.png,13,2,17,8,18
122199.png,4,2,14,11,18
122314.png,2,3,13,9,18
122336.png,6,2,19,13,5
122356.png,16,8,11,7,9
122398.png,16,2,0,14,3
122409.png,0,4,10,3,19
122469.png,14,7,19,13,1
122492.png,15,4,10,14,2
122548.png,19,16,12,2,11
122571.png,1,11,16,0,7
122572.png,12,14,7,11,17
122602.png,0,4,10,17,8
122683.png,10,18,16,2,11
122731.png,7,9,6,18,11
122732.png,8,15,10,14,19
122743.png,10,19,16,11,14
122772.png,12,16,2,10,17
122834.png,1,15,16,6,5
122895.png,19,1,15,2,10
122919.png,10,2,5,1,17
122962.png,2,19,18,13,4
123033.png,3,17,4,19,2
123126.png,0,15,3,8,7
123145.png,4,17,9,5,8
123274.png,5,12,13,16,3
123277.png,5,9,19,1,18
123328.png,14,0,11,10,17
123350.png,3,12,10,4,0
123356.png,14,13,3,5,12
123363.png,6,19,5,1,2
123473.png,2,1,14,6,3
123509.png,3,8,7,11,6
123524.png,9,19,2,17,1
123528.png,16,11,0,2,13
123600.png,0,15,19,8,7
123630.png,13,16,9,15,14
123746.png,9,0,7,18,10
123857.png,14,15,2,0,3
123978.png,11,10,15,6,13
124147.png,6,4,19,12,17
124248.png,6,19,5,8,9
124401.png,16,18,2,11,10
124423.png,13,2,0,8,18
124533.png,7,6,5,13,19
124556.png,19,6,1,2,7
124566.png,6,11,16,19,7
124572.png,19,8,7,16,5
124592.png,17,19,2,13,7
124597.png,19,0,18,9,12
124610.png,19,7,17,9,2
124889.png,19,6,16,11,5
124937.png,17,0,19,6,9
124950.png,15,0,13,10,19
124967.png,16,17,9,11,3
125083.png,4,12,7,11,6
125167.png,4,17,8,18,0
125232.png,9,19,18,0,14
125268.png,1,8,12,10,17
125303.png,15,10,19,0,13
125349.png,14,2,19,0,10
125380.png,10,18,1,9,19
125443.png,16,17,13,11,0
125480.png,18,0,1,11,8
125575.png,3,2,0,1,17
125624.png,14,19,15,7,11
125649.png,17,4,13,7,14
125670.png,13,17,10,2,16
125717.png,16,11,7,5,4
125779.png,1,7,4,11,14
125884.png,17,19,1,0,18
125963.png,18,19,2,15,11
125990.png,1,7,3,13,15
126081.png,4,6,16,2,17
126087.png,8,19,17,0,11
126092.png,5,13,2,17,4
126159.png,13,2,8,17,18
126203.png,15,18,19,10,9
126262.png,8,5,14,19,11
126333.png,14,15,10,13,9
126477.png,6,19,18,8,2
126484.png,14,3,18,4,2
126488.png,0,6,13,3,14
126573.png,13,2,16,17,14
126574.png,18,10,8,7,2
126609.png,7,6,2,8,5
126773.png,2,19,18,0,13
126836.png,3,19,6,13,18
126869.png,3,2,6,1,17
127048.png,13,18,2,8,14
127136.png,8,0,3,17,9
127149.png,16,15,14,7,6
127233.png,0,10,3,19,4
127247.png,3,8,14,12,7
127336.png,4,18,11,17,16
127601.png,18,16,11,8,13
127633.png,15,7,19,11,3
127640.png,11,18,17,6,1
127724.png,17,19,14,9,8
127758.png,10,15,18,19,2
127798.png,5,12,0,14,9
127807.png,0,3,19,14,6
127909.png,2,12,15,16,8
127910.png,11,19,16,12,10
127951.png,12,0,4,2,16
128092.png,10,6,19,14,18
128113.png,11,15,12,10,17
128148.png,13,16,0,2,7
128189.png,18,0,13,16,4
128274.png,2,18,19,13,0
128301.png,8,14,7,9,15
128399.png,14,11,17,9,3
128405.png,2,18,9,4,19
128532.png,11,18,10,19,14
128712.png,10,17,2,3,18
128769.png,0,8,10,14,5
128789.png,3,8,1,7,10
128837.png,14,5,4,11,3
128936.png,1,5,17,19,0
129016.png,9,4,19,7,3
129101.png,18,10,16,6,17
129132.png,13,16,0,11,14
129265.png,2,9,7,13,3
129267.png,3,6,7,8,14
129295.png,18,19,9,15,10
129414.png,12,3,0,17,13
129455.png,5,14,1,2,17
129518.png,18,6,19,17,14
129572.png,4,2,17,11,5
129582.png,0,15,11,3,4
129613.png,8,0,15,17,16
129686.png,10,18,0,2,16
129689.png,1,11,5,14,17
129704.png,0,19,10,18,4
129737.png,9,19,16,10,6
129755.png,15,0,11,6,19
129786.png,16,13,14,10,17
129851.png,5,17,19,11,13
129900.png,16,17,5,4,10
129970.png,10,14,18,16,8
130009.png,18,7,15,14,8
130157.png,6,19,12,4,1
130227.png,6,11,16,15,5
130236.png,13,11,16,17,7
130292.png,10,16,18,14,0
130375.png,13,16,17,6,15
130451.png,1,19,11,5,0
130470.png,5,18,17,2,6
130556.png,12,17,14,0,15
130596.png,19,18,2,1,13
130617.png,16,2,12,0,9
130730.png,2,6,13,16,3
130738.png,1,19,0,5,7
131110.png,17,0,14,18,19
131113.png,3,2,1,18,0
131277.png,13,17,15,8,2
131443.png,16,2,7,11,13
131470.png,11,5,9,18,17
131478.png,12,13,8,2,19
131801.png,1,7,14,10,2
131816.png,6,13,2,18,0
131842.png,17,18,2,9,8
131900.png,2,4,3,14,10
131903.png,6,19,4,17,18
131910.png,10,8,5,11,1
131958.png,12,17,14,7,10
132060.png,6,5,12,19,8
132067.png,8,9,11,0,5
132082.png,2,10,18,16,19
132128.png,18,9,19,0,8
132157.png,1,17,8,5,16
132458.png,0,8,19,10,17
132567.png,1,8,19,0,7
132584.png,18,1,5,12,19
132641.png,14,15,8,3,16
132705.png,9,16,6,18,1
132726.png,13,0,7,4,16
132782.png,15,8,0,17,5
132972.png,0,19,10,4,2
133022.png,10,14,18,5,16
133313.png,17,19,2,4,7
133361.png,1,5,13,16,0
133572.png,7,8,12,14,10
133630.png,3,18,2,17,9
133658.png,1,5,7,13,2
133661.png,0,18,15,8,9
133669.png,0,19,6,3,5
133692.png,10,2,12,19,6
133738.png,17,19,0,7,2
133772.png,13,16,2,14,11
133791.png,13,19,5,0,16
133829.png,5,19,7,0,11
133874.png,3,2,6,18,9
133924.png,15,11,0,9,3
133941.png,9,16,13,8,1
133951.png,18,13,7,9,2
133968.png,18,16,8,2,17
134021.png,1,19,2,8,15
134058.png,9,14,19,15,18
134167.png,18,8,2,17,16
134219.png,4,8,17,9,11
134316.png,17,4,13,8,0
134337.png,15,19,5,3,0
134397.png,8,17,3,14,7
134504.png,8,19,3,5,11
134587.png,6,16,18,4,3
134724.png,4,17,5,0,16
134921.png,7,6,18,15,13
134928.png,9,19,17,1,4
135021.png,8,3,5,17,14
135075.png,15,10,19,3,13
135147.png,1,0,8,15,7
135256.png,15,13,5,0,1
135261.png,3,7,18,17,2
135356.png,11,10,15,14,12
135573.png,14,16,11,6,3
135615.png,16,6,18,2,13
135616.png,9,7,0,3,2
135617.png,3,2,17,8,10
135668.png,13,14,17,7,12
135710.png,3,17,18,2,9
135738.png,11,19,16,17,13
135784.png,5,13,0,2,6
135942.png,15,13,3,8,11
136005.png,8,14,17,9,11
136016.png,5,14,6,3,8
136147.png,2,14,8,0,13
136164.png,14,7,18,10,16
136241.png,10,17,2,0,1
136271.png,11,18,6,10,15
136364.png,15,14,2,8,1
136433.png,0,19,10,4,8
136434.png,10,5,2,9,1
136474.png,1,0,19,12,8
136499.png,15,13,5,0,3
136552.png,6,8,19,12,13
136571.png,18,2,0,7,13
136617.png,13,0,19,15,7
136713.png,11,12,10,14,17
136716.png,3,6,1,2,16
136791.png,11,17,18,15,10
136822.png,0,19,4,14,2
136988.png,3,1,8,2,10
137024.png,4,5,1,17,2
137070.png,14,10,17,11,13
137093.png,9,13,16,5,3
137226.png,1,10,17,2,9
137419.png,4,10,17,9,18
137462.png,0,15,17,13,16
137554.png,3,2,6,10,5
137649.png,7,9,1,0,15
137684.png,2,16,6,13,7
137799.png,6,5,19,17,16
137887.png,12,1,2,0,13
137936.png,6,17,2,5,4
137971.png,11,0,15,6,8
138038.png,18,19,6,1,12
138261.png,18,5,17,16,1
138275.png,12,13,0,2,4
138422.png,18,4,10,13,7
138568.png,16,19,18,2,0
138574.png,1,2,12,14,19
138635.png,2,11,10,9,5
138644.png,14,19,2,10,15
138785.png,1,17,5,19,7
138818.png,13,17,2,18,15
138829.png,19,2,15,0,12
138838.png,14,15,19,18,5
138851.png,14,7,19,8,3
138955.png,15,19,9,16,10
138982.png,12,19,9,17,18
139019.png,3,17,8,13,1
139047.png,1,17,2,12,18
139185.png,13,0,19,16,15
139263.png,14,2,13,11,4
139372.png,18,7,16,4,3
139474.png,3,18,2,6,14
139481.png,13,18,8,2,0
139488.png,9,2,10,7,15
139493.png,16,11,12,10,5
139600.png,16,2,8,9,11
139619.png,9,13,16,5,12
139657.png,8,14,9,0,3
139786.png,10,16,8,14,9
139819.png,8,17,1,5,13
139849.png,2,19,8,5,1
139862.png,4,18,9,2,17
139907.png,6,19,10,17,13
139968.png,8,5,15,19,11
140204.png,12,14,0,8,17
140306.png,11,17,12,2,18
140367.png,9,14,0,7,8
140398.png,1,7,14,15,19
140461.png,4,16,19,10,18
140624.png,15,10,9,1,18
140678.png,12,17,4,19,0
140699.png,8,14,17,10,0
140767.png,1,2,12,18,4
140798.png,5,19,8,14,15
140824.png,3,4,6,9,10
140834.png,5,1,13,11,0
141142.png,17,11,19,12,14
141149.png,16,3,18,6,12
141185.png,11,0,15,1,6
141242.png,6,19,0,12,1
141245.png,5,12,13,1,19
141273.png,7,6,9,5,14
141418.png,1,18,10,19,17
141477.png,5,14,16,6,15
141506.png,10,8,14,16,0
141521.png,3,16,11,2,9
141538.png,15,16,3,10,7
141640.png,5,12,0,8,7
141656.png,2,17,18,11,15
141679.png,9,8,10,6,1
141731.png,4,6,14,5,0
141809.png,19,18,0,12,16
141857.png,6,19,2,4,18
141918.png,8,7,17,3,10
141931.png,9,7,0,2,14
141993.png,17,19,18,15,7
142071.png,11,16,0,9,1
142107.png,11,19,2,17,15
142117.png,11,0,17,13,3
142120.png,18,12,1,14,4
142158.png,11,15,14,7,6
142207.png,15,3,11,9,8
142305.png,18,19,4,5,11
142486.png,2,19,16,18,7
142528.png,9,19,8,17,5
142531.png,16,11,17,0,5
142559.png,15,10,14,18,3
142583.png,13,16,17,18,2
142584.png,1,18,19,7,16
142636.png,17,19,1,8,12
142676.png,8,5,3,14,4
142706.png,0,19,10,4,12
142884.png,7,6,8,19,17
143071.png,1,0,19,8,13
143143.png,9,19,11,15,18
143287.png,0,5,15,3,4
143312.png,9,6,19,14,16
143381.png,17,19,7,14,4
143392.png,12,17,0,2,16
143504.png,1,12,15,19,17
143600.png,8,5,11,16,3
143628.png,16,2,0,11,9
143703.png,12,17,0,5,13
143725.png,2,9,19,8,10
143741.png,12,0,7,15,1
143754.png,0,19,11,3,13
143780.png,14,16,19,6,2
143807.png,3,2,17,0,6
143879.png,14,11,2,17,7
143948.png,11,19,12,13,10
144142.png,2,13,19,16,8
144166.png,19,9,17,3,5
144256.png,7,5,9,18,13
144266.png,12,16,14,19,18
144282.png,6,19,18,11,3
144372.png,15,14,13,11,16
144387.png,15,19,11,0,1
144439.png,1,19,0,12,11
144479.png,13,17,6,11,12
144506.png,1,14,19,8,15
144598.png,14,3,19,5,11
144649.png,12,0,17,18,2
144843.png,14,2,4,13,7
144874.png,9,19,0,7,8
144929.png,6,10,19,4,5
144980.png,12,17,13,0,2
145187.png,1,5,18,9,19
145197.png,2,17,10,8,11
145210.png,5,14,17,1,15
145212.png,17,19,6,11,16
145381.png,13,2,6,17,18
145509.png,4,0,17,18,10
145518.png,18,1,2,16,9
145546.png,2,19,16,14,3
145629.png,8,5,14,17,9
145657.png,18,10,4,15,14
145659.png,0,15,19,17,3
145660.png,3,17,1,2,6
145779.png,11,14,4,16,12
145802.png,13,18,0,16,4
145884.png,17,2,14,6,15
145905.png,10,18,16,7,14
145941.png,6,19,13,15,1
146207.png,6,1,13,19,11
146394.png,13,16,14,2,8
146503.png,2,9,3,19,18
146734.png,17,6,13,0,4
146772.png,4,7,0,8,13
146846.png,8,2,10,19,9
146898.png,19,7,16,11,6
146908.png,14,13,0,11,17
146955.png,1,7,13,2,11
146993.png,13,16,19,14,0
147061.png,3,2,1,5,18
147160.png,1,0,16,11,13
147166.png,7,14,17,9,12
147383.png,12,8,19,6,16
147395.png,13,19,17,18,0
147456.png,1,5,18,2,17
147498.png,18,2,11,8,13
147838.png,1,8,7,14,0
147856.png,13,7,0,2,17
148010.png,1,5,11,14,0
148046.png,6,1,12,18,9
148114.png,7,8,9,19,5
148119.png,16,17,7,11,5
148126.png,19,8,16,13,17
148205.png,19,11,17,13,15
148216.png,5,19,14,12,10
148218.png,16,17,11,0,13
148302.png,0,13,5,15,10
148418.png,9,2,11,7,13
148565.png,14,13,17,9,10
148568.png,9,7,2,19,4
148588.png,2,11,3,18,9
148677.png,10,6,18,14,19
149092.png,14,15,0,9,12
149150.png,3,13,16,6,8
149169.png,1,5,12,2,8
149286.png,9,8,17,13,2
149374.png,12,7,0,17,1
149381.png,5,1,19,13,16
149516.png,5,14,0,12,10
149715.png,17,14,19,4,0
149745.png,15,16,10,0,3
149876.png,1,15,8,4,7
149916.png,7,19,8,14,18
149939.png,10,18,5,3,14
149985.png,17,9,18,2,8
150020.png,13,18,7,17,5
150098.png,15,14,1,0,13
150125.png,9,10,0,7,8
150133.png,15,2,19,18,14
150275.png,5,1,9,18,17
150300.png,1,5,9,2,12
150386.png,11,19,6,18,8
150390.png,18,9,6,5,17
150397.png,16,11,0,4,10
150412.png,6,8,14,13,5
150509.png,0,19,14,3,2
150576.png,17,14,16,10,18
150743.png,19,16,18,4,5
150810.png,15,0,2,13,18
150920.png,10,14,16,8,5
150968.png,0,13,7,9,3
151012.png,10,16,8,11,14
151147.png,18,16,13,19,0
151148.png,0,19,10,3,5
151247.png,6,17,19,13,8
151348.png,12,13,4,7,2
151361.png,3,19,2,6,13
151375.png,3,1,2,9,0
151429.png,10,9,2,1,5
151434.png,13,0,7,12,2
151464.png,14,0,11,1,2
151627.png,2,0,8,10,7
151649.png,12,18,3,7,14
151683.png,2,18,16,15,10
151735.png,2,18,19,10,15
151805.png,18,19,6,16,15
151906.png,2,9,15,18,13
151911.png,11,13,19,2,15
151947.png,10,8,2,7,16
152134.png,10,5,0,9,8
152181.png,10,18,16,19,11
152277.png,1,13,8,5,15
152300.png,17,10,9,19,2
152345.png,10,2,8,11,16
152390.png,8,11,3,14,5
152410.png,8,19,9,3,14
152586.png,19,5,11,16,0
152605.png,9,1,8,0,14
152643.png,12,0,11,17,1
152682.png,18,15,9,11,12
152946.png,8,3,19,15,11
153030.png,2,18,19,15,13
153044.png,5,9,13,2,0
153238.png,4,17,9,8,2
153383.png,1,0,5,6,13
153613.png,15,10,18,5,17
153625.png,13,18,2,7,14
153693.png,5,16,18,10,2
153732.png,0,16,15,9,17
153799.png,6,2,12,14,15
153935.png,14,17,15,18,7
153940.png,18,10,1,2,16
153946.png,11,12,5,16,10
154047.png,10,5,14,16,4
154053.png,5,17,1,10,19
154068.png,1,0,8,2,7
154124.png,9,14,19,0,7
154187.png,13,16,7,0,15
154192.png,2,16,11,13,17
154203.png,4,9,8,18,2
154226.png,6,7,4,13,9
154313.png,18,2,13,4,0
154332.png,0,4,15,3,18
154341.png,18,9,2,10,8
154455.png,7,6,18,8,13
154477.png,15,1,2,3,9
154488.png,19,15,14,6,9
154611.png,9,17,10,1,6
154621.png,0,3,15,14,5
154725.png,11,0,6,13,12
154793.png,2,10,7,8,17
154794.png,8,4,14,10,19
154804.png,4,9,15,19,8
154822.png,1,8,0,4,2
155042.png,16,0,17,7,2
155048.png,13,0,7,2,8
155057.png,5,9,2,17,1
155075.png,15,8,11,10,19
155089.png,10,5,2,8,16
155120.png,18,19,2,4,6
155122.png,6,8,2,17,4
155132.png,1,17,2,14,9
155193.png,16,11,2,17,4
155518.png,9,7,15,2,14
155610.png,8,7,2,3,15
155638.png,3,6,2,8,10
155660.png,5,17,14,2,10
155668.png,8,15,6,2,17
155741.png,6,5,17,12,19
155754.png,3,2,8,0,18
155756.png,3,2,1,18,10
155821.png,11,12,2,18,4
155940.png,6,15,1,8,13
155965.png,15,11,13,0,10
155973.png,13,19,2,15,7
156066.png,16,10,2,13,8
156069.png,14,15,18,19,3
156093.png,14,2,11,12,5
156348.png,1,5,11,3,7
156385.png,14,6,10,19,15
156389.png,17,19,11,14,0
156426.png,17,10,19,12,0
156509.png,4,0,8,15,6
156666.png,3,0,6,15,16
156684.png,2,7,15,18,10
156780.png,19,18,5,11,15
156796.png,5,9,16,3,14
156959.png,18,7,16,11,9
156978.png,0,19,11,3,9
156985.png,16,18,2,7,10
157053.png,7,2,5,13,0
157079.png,3,12,1,11,8
157094.png,11,6,15,2,16
157128.png,7,8,15,6,19
157215.png,5,14,8,1,12
157265.png,2,7,19,8,9
157282.png,15,16,13,5,9
157285.png,10,16,18,8,14
157293.png,15,0,2,10,11
157317.png,6,5,18,1,10
157466.png,19,14,1,15,3
157475.png,8,10,0,14,9
157506.png,15,19,11,7,3
157573.png,9,18,1,5,19
157645.png,1,5,19,2,7
157670.png,13,16,2,7,0
157715.png,5,2,19,1,3
157736.png,16,1,8,17,4
157904.png,4,17,0,16,2
157979.png,2,16,4,8,11
157983.png,3,2,1,18,8
158008.png,3,17,18,9,6
158026.png,0,19,10,17,4
158109.png,5,15,1,12,18
158154.png,13,16,17,0,14
158364.png,18,10,16,8,14
158451.png,0,19,15,3,10
158499.png,1,4,18,2,19
158552.png,5,13,15,12,8
158574.png,6,8,7,5,4
158595.png,13,17,15,0,14
158650.png,17,2,10,18,19
158711.png,15,3,11,10,6
158775.png,7,8,6,13,10
158820.png,16,9,11,17,13
158984.png,6,18,8,1,9
159112.png,18,5,8,2,16
159161.png,14,5,10,8,18
159221.png,11,10,15,0,12
159237.png,13,17,2,7,8
159247.png,7,6,9,19,0
159305.png,15,14,3,19,13
159320.png,10,18,14,5,8
159372.png,10,12,8,5,18
159454.png,4,18,12,5,15
159506.png,14,17,13,11,1
159600.png,13,0,2,17,8
159605.png,7,8,18,9,4
159613.png,12,7,18,16,11
159700.png,7,8,9,6,19
159762.png,2,16,8,13,19
159781.png,10,5,16,8,1
159939.png,8,9,14,11,10
159958.png,15,19,14,13,0
160103.png,14,16,5,18,6
160105.png,8,3,14,19,15
160147.png,10,5,3,16,9
160174.png,12,14,18,17,15
160223.png,18,10,16,11,12
160231.png,2,17,8,9,16
160401.png,3,16,14,6,1
160408.png,18,9,19,14,1
160492.png,9,10,19,7,0
160544.png,9,14,3,0,2
160569.png,8,7,3,9,17
160609.png,18,15,8,17,7
160616.png,0,19,9,8,2
160662.png,2,18,19,13,0
160667.png,8,10,5,14,17
160817.png,14,19,11,5,10
160887.png,3,0,11,10,2
160951.png,8,3,9,10,17
161077.png,19,9,0,7,5
161162.png,6,16,19,11,5
161178.png,4,15,17,16,14
161259.png,16,18,9,2,10
161280.png,9,17,12,5,11
161399.png,12,0,1,6,17
161402.png,16,6,14,15,12
161422.png,3,1,11,18,12
161430.png,4,9,5,18,17
161432.png,3,1,0,18,9
161580.png,10,16,14,19,18
161632.png,8,3,17,2,11
161651.png,10,16,0,9,7
161691.png,7,6,10,12,5
161716.png,10,18,15,16,19
161725.png,6,5,18,3,1
161808.png,10,1,14,8,16
161887.png,14,13,9,10,5
161946.png,11,12,10,16,4
162056.png,2,19,10,7,6
162122.png,10,8,7,15,1
162139.png,4,14,15,17,12
162207.png,16,10,11,2,5
162350.png,0,7,16,8,13
162538.png,1,7,4,14,8
162557.png,13,7,15,0,16
162711.png,9,2,19,0,16
162733.png,9,0,7,14,2
162756.png,16,5,2,0,10
162808.png,12,9,10,8,14
162848.png,6,16,17,10,13
163094.png,13,16,7,2,10
163132.png,19,15,11,0,5
163163.png,16,2,9,12,19
163178.png,9,0,14,18,5
163233.png,13,19,0,4,14
163274.png,15,0,10,9,6
163283.png,5,14,9,10,6
163303.png,15,8,0,19,6
163348.png,13,16,19,15,14
163381.png,13,19,0,10,15
163392.png,17,13,19,9,0
163421.png,2,7,19,15,1
163477.png,17,2,7,18,15
163489.png,14,13,9,17,11
163543.png,3,7,2,18,19
163546.png,8,3,9,0,19
163560.png,4,17,9,1,0
163595.png,6,2,19,12,10
163668.png,2,9,16,8,7
163688.png,11,15,17,14,7
163760.png,1,15,7,16,11
163857.png,0,19,5,3,7
163941.png,2,17,9,8,14
163962.png,1,5,17,13,0
163970.png,17,19,2,11,0
163999.png,19,13,18,10,2
164006.png,10,17,16,15,2
164167.png,19,10,16,6,17
164226.png,8,14,3,7,9
164285.png,3,0,7,8,10
164300.png,9,0,15,19,7
164301.png,10,16,0,2,12
164305.png,6,18,2,10,17
164421.png,13,2,14,16,17
164557.png,19,17,7,15,18
164626.png,5,15,2,4,18
164640.png,7,8,14,15,5
164661.png,10,0,8,9,15
164793.png,1,18,15,17,11
164933.png,11,12,7,10,6
164938.png,16,13,12,0,17
164961.png,13,16,10,17,19
164962.png,18,12,17,11,9
165012.png,11,12,2,18,10
165030.png,3,2,0,9,16
165166.png,4,5,18,7,16
165378.png,8,11,17,19,9
165412.png,5,9,10,15,1
165512.png,18,1,8,17,10
165517.png,15,14,13,2,0
165562.png,19,12,9,6,5
165675.png,11,17,10,6,12
165729.png,6,13,17,11,4
165791.png,13,9,2,4,1
165824.png,15,19,7,0,1
165853.png,14,13,5,10,4
165857.png,11,19,6,15,4
165859.png,10,16,2,5,1
165883.png,9,18,17,6,1
165896.png,16,13,7,0,8
165924.png,0,19,9,3,2
165967.png,19,16,6,13,0
166028.png,19,16,17,7,6
166109.png,6,17,1,18,5
166268.png,4,18,9,19,1
166335.png,18,4,11,13,17
166347.png,5,19,16,14,8
166354.png,16,17,13,0,2
166496.png,4,18,17,7,14
166516.png,11,19,6,17,2
166537.png,10,18,5,1,4
166553.png,5,15,19,16,13
166742.png,5,14,10,12,0
166745.png,10,16,14,1,8
166765.png,4,17,8,16,19
166880.png,10,6,11,0,1
166898.png,13,17,19,2,16
167151.png,3,19,5,13,6
167277.png,12,10,8,11,18
167283.png,5,14,16,6,15
167361.png,18,4,10,7,16
167373.png,1,5,19,11,17
167412.png,12,13,2,14,7
167430.png,12,14,1,13,15
167524.png,5,15,10,6,18
168012.png,16,13,10,0,2
168252.png,6,8,7,3,10
168253.png,4,10,12,17,5
168447.png,17,19,2,7,4
168450.png,15,17,18,16,13
168493.png,9,3,19,6,7
168633.png,9,8,5,7,13
168662.png,1,7,18,0,14
168825.png,6,19,11,0,7
168863.png,4,18,2,8,17
168874.png,4,8,12,15,17
168983.png,1,0,7,19,13
168998.png,1,17,2,0,7
169056.png,16,2,17,11,0
169057.png,6,11,2,19,1
169287.png,12,0,13,15,7
169330.png,17,4,8,0,3
169415.png,12,10,17,18,4
169457.png,9,7,5,19,2
169469.png,7,8,6,5,9
169606.png,18,2,16,8,13
169644.png,6,18,17,1,5
169714.png,16,17,2,4,5
169739.png,1,5,13,11,7
169790.png,9,4,19,18,0
169884.png,1,0,6,7,2
169945.png,1,17,16,5,13
170115.png,16,2,5,3,1
170121.png,1,0,8,2,5
170170.png,6,17,2,12,18
170240.png,10,8,1,18,14
170367.png,8,16,5,9,13
170369.png,2,8,0,17,6
170387.png,2,18,19,9,7
170471.png,5,9,16,15,12
170593.png,0,8,19,5,15
170684.png,14,0,12,2,11
170729.png,9,8,4,0,17
170741.png,8,9,1,14,0
170778.png,9,1,17,18,14
170838.png,5,16,15,7,11
170901.png,11,15,10,3,1
170943.png,5,6,18,14,12
171012.png,8,0,9,11,1
171036.png,11,15,2,4,19
171181.png,11,14,10,15,1
171193.png,12,7,19,17,15
171318.png,16,4,10,17,14
171321.png,18,0,8,16,11
171329.png,10,0,8,2,13
171523.png,1,19,5,16,0
171531.png,3,19,10,11,14
171722.png,16,0,10,13,11
171813.png,10,2,5,0,13
171845.png,14,19,2,7,11
171926.png,11,8,12,17,14
172151.png,7,19,9,10,6
172291.png,6,8,7,12,3
172387.png,2,18,9,13,6
172394.png,15,0,18,4,2
172424.png,6,17,18,2,13
172426.png,12,0,1,17,2
172489.png,14,4,10,8,11
172513.png,1,7,5,14,8
172519.png,0,15,10,2,8
172563.png,17,4,19,2,9
172575.png,1,8,7,11,10
172667.png,16,13,11,0,8
172694.png,13,4,19,0,9
172710.png,10,5,16,1,11
172741.png,4,13,5,12,2
172764.png,7,6,5,19,0
172805.png,2,9,19,18,14
172839.png,10,2,16,8,14
172878.png,19,4,6,7,9
172884.png,19,7,4,16,17
172913.png,14,17,11,10,13
172995.png,19,17,9,4,15
173057.png,11,19,16,12,18
173087.png,9,15,4,7,0
173089.png,2,15,14,16,11
173111.png,11,19,2,5,8
173149.png,7,5,9,17,12
173229.png,18,19,14,13,8
173273.png,0,3,19,7,14
173538.png,0,8,9,15,14
173691.png,10,5,11,8,16
173767.png,4,18,6,3,9
173790.png,17,0,8,4,13
173876.png,13,16,8,17,2
173889.png,8,5,4,13,9
173957.png,8,3,5,10,15
174018.png,17,7,2,13,4
174046.png,7,5,19,8,9
174076.png,9,19,17,1,2
174128.png,0,3,10,7,14
174139.png,8,14,9,0,7
174312.png,13,18,17,6,8
174374.png,12,14,17,0,1
174452.png,4,17,10,5,6
174479.png,2,16,18,8,13
174494.png,7,10,19,13,18
174661.png,0,19,4,5,3
174675.png,8,13,5,9,1
174720.png,15,2,8,14,10
174751.png,19,16,7,17,0
174845.png,14,1,13,9,2
174971.png,7,19,8,6,18
175052.png,16,17,2,13,10
175062.png,1,16,14,15,7
175075.png,11,5,17,6,2
175079.png,10,0,9,2,16
175127.png,7,14,19,6,9
175184.png,12,0,3,7,13
175253.png,7,9,14,18,19
175278.png,13,0,11,14,7
175393.png,0,4,13,19,3
175535.png,9,18,0,8,5
175554.png,9,5,18,17,1
175560.png,12,8,7,16,10
175635.png,4,16,0,17,9
175676.png,12,0,7,13,3
175677.png,8,3,5,7,14
175726.png,13,0,17,19,6
175763.png,6,2,14,17,4
175840.png,17,9,5,2,19
175858.png,1,0,15,17,13
175884.png,0,19,11,5,9
175925.png,0,19,8,10,9
175940.png,7,8,15,4,14
176010.png,8,5,9,3,4
176013.png,15,14,8,0,3
176041.png,15,16,0,9,11
176061.png,11,10,15,2,13
176129.png,8,19,3,6,5
176161.png,12,4,13,0,2
176183.png,2,19,8,3,12
176193.png,11,10,7,15,6
176234.png,15,3,16,2,11
176383.png,3,17,1,12,18
176448.png,0,19,3,4,10
176474.png,9,18,19,0,14
176608.png,17,19,0,13,8
176631.png,7,6,5,18,19
176643.png,0,10,17,5,18
176659.png,3,2,1,0,8
176721.png,2,9,8,7,14
176831.png,16,17,2,5,13
176860.png,9,18,10,7,4
176918.png,9,4,14,2,8
177051.png,16,10,17,0,11
177062.png,17,14,2,0,9
177091.png,0,19,14,3,11
177182.png,15,16,14,11,19
177205.png,10,16,14,2,11
177250.png,13,14,19,16,15
177371.png,3,2,17,8,19
177396.png,17,2,19,3,9
177419.png,8,9,1,5,12
177421.png,1,5,19,11,2
177430.png,10,16,5,14,13
177454.png,1,17,4,14,18
177649.png,5,16,4,2,0
177736.png,8,5,9,4,13
177760.png,2,17,1,9,0
177765.png,1,14,19,2,5
177796.png,8,10,14,17,5
177875.png,12,0,14,1,4
177884.png,10,9,0,16,2
177917.png,14,9,7,13,5
177940.png,1,7,11,19,2
178319.png,1,0,2,4,8
178325.png,3,13,17,1,6
178375.png,16,3,2,10,6
178376.png,7,8,9,2,5
178395.png,16,0,2,13,10
178425.png,17,19,7,4,2
178434.png,16,2,0,10,13
178463.png,6,16,17,13,14
178628.png,6,5,1,12,9
178923.png,11,19,2,10,15
178984.png,2,17,9,18,6
179043.png,1,13,8,0,7
179169.png,10,2,0,5,8
179255.png,17,18,0,8,2
179258.png,7,9,18,13,6
179294.png,13,2,18,17,0
179347.png,9,10,8,14,0
179391.png,19,17,15,9,5
179511.png,13,16,11,12,4
179636.png,0,19,10,3,14
179736.png,19,9,1,16,0
179767.png,17,5,3,7,19
179778.png,13,0,6,4,11
179789.png,8,19,11,10,5
179899.png,19,18,2,0,3
179957.png,5,19,8,17,12
179968.png,7,8,13,6,18
179969.png,13,16,17,4,18
180037.png,12,3,13,14,6
180134.png,7,9,17,12,6
180172.png,17,10,2,18,0
180188.png,6,17,4,16,13
180195.png,5,17,14,15,8
180244.png,5,4,6,18,14
180578.png,19,15,17,5,0
180592.png,0,7,11,8,5
180634.png,13,18,8,14,17
180687.png,14,11,10,1,9
180723.png,4,17,5,0,8
180817.png,1,11,7,0,16
180838.png,1,19,7,11,14
180855.png,14,11,13,7,10
180986.png,12,17,13,7,15
180990.png,14,3,2,18,10
181191.png,4,17,7,12,18
181204.png,2,17,5,10,13
181208.png,0,3,8,16,6
181276.png,6,10,4,19,11
181326.png,18,19,6,0,10
181385.png,4,5,17,8,14
181437.png,0,19,2,9,15
181458.png,2,13,16,4,3
181588.png,10,2,9,11,18
181596.png,18,5,8,0,1
181611.png,14,9,19,7,15
181615.png,8,11,0,17,5
181658.png,8,9,14,5,4
181680.png,15,4,14,10,18
181704.png,11,1,15,14,0
181729.png,8,5,3,6,0
181742.png,16,2,17,13,10
181764.png,9,5,19,18,14
181805.png,2,19,10,18,8
181978.png,14,11,17,13,9
182032.png,9,17,19,16,2
182054.png,0,19,17,13,5
182198.png,13,0,7,6,8
182279.png,13,16,14,15,12
182283.png,14,12,18,7,2
182332.png,3,6,18,17,1
182459.png,9,2,1,8,17
182468.png,13,19,16,17,14
182474.png,2,8,13,10,12
182567.png,14,15,3,13,7
182610.png,4,2,17,8,9
182704.png,3,8,10,11,1
182722.png,8,10,5,11,19
182738.png,12,8,16,0,7
182850.png,4,16,17,9,13
183047.png,6,19,3,0,8
183050.png,11,19,10,15,18
183063.png,0,14,10,3,18
183143.png,11,19,2,6,9
183191.png,19,12,5,8,2
183242.png,12,17,1,2,4
183301.png,11,12,2,18,17
183317.png,0,19,4,13,3
183334.png,9,7,13,0,8
183337.png,1,8,2,19,7
183355.png,16,17,9,5,11
183380.png,18,11,7,12,3
183391.png,16,11,7,18,2
183524.png,10,18,12,14,2
183534.png,4,17,0,8,18
183557.png,13,7,19,2,11
183631.png,17,2,7,10,15
183936.png,16,9,2,18,11
183940.png,4,17,5,9,16
184051.png,8,10,19,9,3
184066.png,16,18,2,14,10
184068.png,12,1,9,2,18
184156.png,6,7,9,19,4
184275.png,16,11,19,7,5
184392.png,6,9,18,8,19
184402.png,14,17,10,9,4
184469.png,8,10,5,9,0
184490.png,13,4,2,17,0
184527.png,8,3,9,14,17
184557.png,5,14,17,8,6
184881.png,2,9,13,3,8
184883.png,9,19,0,3,1
184896.png,2,16,4,15,14
184928.png,0,19,15,3,5
184960.png,19,5,17,12,9
185023.png,2,17,18,1,16
185066.png,11,15,10,0,18
185176.png,13,17,2,16,4
185372.png,14,13,0,16,19
185391.png,11,9,1,10,3
185437.png,8,19,6,3,5
185443.png,17,2,19,7,4
185565.png,17,19,11,2,6
185673.png,0,11,10,8,19
185788.png,6,12,13,2,17
185851.png,18,8,13,16,12
186075.png,19,15,16,6,13
186098.png,7,10,17,5,6
186143.png,12,3,6,1,0
186163.png,17,15,0,14,19
186223.png,14,19,2,0,9
186234.png,13,17,18,0,15
186239.png,9,3,7,2,10
186341.png,4,17,16,2,5
186390.png,10,18,14,4,6
186428.png,16,3,8,7,17
186537.png,9,16,5,13,8
186557.png,14,19,6,7,12
186561.png,11,19,13,12,15
186811.png,0,1,5,15,9
186950.png,8,5,19,0,14
187160.png,12,0,7,18,3
187244.png,14,11,13,2,12
187278.png,6,19,13,17,1
187294.png,0,19,15,12,10
187328.png,13,16,17,15,7
187419.png,11,7,0,1,12
187447.png,10,5,14,8,9
187506.png,16,5,13,14,11
187520.png,7,8,10,6,2
187550.png,9,19,5,17,8
187646.png,19,9,14,12,5
187846.png,8,5,0,17,10
187875.png,17,16,19,0,8
187882.png,1,8,4,13,0
187887.png,9,0,13,15,8
187926.png,11,10,18,15,2
187945.png,4,0,9,17,2
187969.png,0,15,13,8,4
188097.png,19,7,17,9,5
188107.png,6,5,1,4,19
188164.png,1,13,5,7,8
188188.png,12,16,2,6,8
188350.png,5,2,6,8,3
188360.png,13,17,11,16,6
188377.png,1,8,15,17,4
188397.png,17,13,19,5,8
188449.png,6,12,7,17,16
188489.png,11,19,10,2,15
188559.png,4,3,14,7,5
188653.png,0,15,19,10,3
188661.png,3,14,15,8,18
188743.png,19,0,16,13,5
188775.png,16,18,4,2,10
188826.png,6,17,8,18,2
188828.png,3,8,11,6,2
188919.png,5,14,15,17,2
188973.png,17,19,9,2,7
189004.png,7,8,10,5,19
189010.png,8,9,0,5,16
189072.png,17,14,0,11,10
189123.png,17,19,7,14,0
189136.png,0,15,19,4,17
189203.png,0,13,9,15,11
189272.png,5,14,12,3,10
189279.png,10,0,8,16,13
189340.png,5,15,8,3,12
189367.png,6,5,10,4,19
189467.png,9,14,4,2,1
189506.png,10,18,17,0,1
189588.png,17,0,19,13,7
189730.png,6,19,4,10,5
189932.png,9,14,15,7,18
189982.png,0,2,16,4,3
190071.png,2,19,8,18,1
190094.png,18,0,2,13,8
190148.png,14,9,2,17,19
190154.png,18,5,6,14,16
190289.png,0,19,10,5,15
190432.png,19,16,7,17,8
190596.png,0,9,17,15,16
190604.png,1,9,17,19,2
190623.png,2,18,17,14,8
190651.png,13,19,11,17,8
190660.png,3,1,5,2,17
190819.png,16,17,2,13,11
190867.png,4,9,14,19,17
190921.png,0,8,15,9,3
190927.png,4,16,8,14,15
190967.png,15,14,0,11,13
190969.png,12,4,0,17,1
191060.png,19,18,0,9,7
191064.png,2,19,9,15,1
191072.png,3,18,6,17,16
191085.png,16,8,13,15,14
191105.png,6,19,16,13,9
191172.png,6,18,16,8,3
191328.png,9,19,16,1,13
191409.png,15,0,1,16,11
191494.png,12,0,1,3,7
191496.png,18,12,14,17,11
191605.png,18,11,8,17,13
191720.png,16,13,11,2,17
191813.png,0,19,2,1,9
191819.png,19,15,5,17,3
191888.png,9,18,19,0,13
192102.png,17,2,0,14,3
192110.png,14,0,7,13,19
192128.png,13,8,7,0,12
192169.png,18,3,14,2,16
192225.png,9,0,1,2,11
192226.png,16,15,13,2,14
192288.png,3,10,7,18,19
192396.png,8,3,2,19,15
192483.png,1,17,2,0,19
192520.png,0,9,5,16,17
192561.png,13,0,2,11,7
192706.png,8,1,3,19,10
192718.png,15,5,17,14,18
192724.png,15,0,18,16,14
192732.png,18,10,17,1,13
192777.png,18,14,19,15,10
192787.png,10,8,5,7,16
192789.png,17,19,15,2,14
192794.png,12,7,13,0,17
192801.png,8,14,1,5,9
192818.png,10,18,8,14,19
192925.png,13,19,14,10,16
192948.png,6,12,2,7,1
192968.png,2,5,15,10,17
193012.png,9,19,17,18,1
193014.png,15,10,3,13,0
193020.png,10,18,12,5,3
193022.png,7,5,19,2,0
193065.png,12,7,17,18,13
193120.png,19,5,15,4,9
193223.png,8,9,3,10,4
193231.png,16,7,4,19,10
193266.png,6,12,14,5,8
193296.png,7,19,18,0,6
193334.png,1,5,15,13,7
193392.png,11,0,13,17,10
193503.png,15,11,0,3,2
193546.png,12,14,0,7,3
193581.png,15,3,10,0,18
193675.png,10,7,14,18,16
193683.png,3,10,2,6,7
193699.png,11,19,15,17,3
193779.png,4,9,2,17,18
193818.png,12,14,13,16,1
193837.png,19,15,18,6,14
193863.png,13,11,0,17,8
193957.png,11,10,19,2,15
194035.png,4,15,8,11,19
194097.png,14,15,0,6,1
194149.png,12,1,17,16,14
194162.png,2,17,13,10,18
194178.png,2,18,19,7,4
194294.png,17,19,15,4,9
194308.png,13,16,17,2,0
194314.png,16,5,17,2,13
194362.png,19,18,1,10,5
194388.png,10,0,2,6,19
194446.png,7,8,9,5,6
194641.png,14,11,2,12,0
194649.png,15,14,7,3,18
194670.png,17,19,7,10,0
194807.png,0,14,5,19,9
194829.png,18,6,8,13,7
194852.png,14,15,19,8,18
194854.png,4,13,16,12,1
194897.png,19,13,5,0,12
194998.png,3,1,0,6,2
195024.png,13,8,17,7,2
195152.png,3,13,17,6,16
195238.png,4,17,14,10,2
195289.png,14,13,3,7,4
195504.png,13,18,2,17,8
195547.png,11,19,18,10,9
195562.png,11,10,2,5,15
195576.png,18,19,14,10,11
195584.png,3,4,12,7,8
195644.png,14,8,7,19,16
195656.png,12,1,10,0,8
195855.png,7,8,16,2,5
195928.png,16,11,7,2,12
196068.png,15,18,19,0,11
196094.png,4,8,7,16,1
196113.png,15,5,10,2,17
196162.png,15,16,13,9,10
196312.png,19,6,13,1,15
196317.png,19,0,7,16,8
196376.png,17,19,2,11,7
196387.png,7,14,8,15,19
196402.png,11,10,15,7,12
196533.png,11,15,2,14,10
196620.png,9,17,4,11,7
196634.png,2,17,8,15,9
196745.png,9,18,17,14,1
196834.png,14,8,15,3,18
197239.png,12,1,2,0,13
197249.png,6,9,1,2,7
197344.png,12,0,17,3,7
197459.png,10,16,18,1,14
197470.png,19,1,13,5,8
197541.png,7,8,9,5,15
197789.png,17,2,19,14,10
197805.png,0,15,19,13,4
197839.png,18,6,8,16,11
197859.png,7,18,14,5,10
197958.png,15,11,19,0,14
197982.png,9,19,18,6,12
198022.png,7,10,19,6,2
198124.png,0,5,15,3,8
198132.png,14,17,13,1,2
198163.png,2,14,17,13,8
198246.png,3,0,17,18,8
198262.png,13,15,0,17,16
198549.png,3,18,8,1,11
198558.png,14,17,13,10,4
198590.png,17,0,2,11,16
198616.png,11,19,10,3,15
198631.png,16,14,19,7,15
198671.png,7,14,8,16,17
198729.png,16,13,0,5,7
198739.png,14,9,3,15,16
198744.png,15,0,3,5,13
198897.png,12,14,7,16,18
198908.png,5,17,9,14,19
198932.png,5,14,12,9,19
199009.png,3,1,18,17,13
199042.png,10,2,1,5,8
199066.png,4,7,8,3,18
199157.png,10,15,8,5,9
199348.png,15,2,18,17,5
199420.png,2,18,10,11,19
199424.png,6,10,5,19,2
199462.png,10,2,5,4,3
199620.png,19,9,16,18,12
199686.png,8,3,1,5,4
199811.png,4,10,9,12,16
199974.png,14,5,10,11,4
